{
  "bb_time":[
    0.0,
    0.0010004043579101562,
    0.0020003318786621094,
    0.0010004043579101562,
    0.0010004043579101562,
    0.0010001659393310547,
    0.0010004043579101562,
    0.0010001659393310547,
    0.0010001659393310547,
    0.0009999275207519531,
    0.0,
    0.002000570297241211,
    0.0020003318786621094,
    0.0010004043579101562,
    0.0010001659393310547,
    0.0010001659393310547,
    0.0010001659393310547,
    0.0010006427764892578,
    0.0010001659393310547,
    0.0009999275207519531
  ],
  "dp_time":[
    0.0600132942199707,
    0.04500985145568848,
    0.0690152645111084,
    0.08101797103881836,
    0.05101156234741211,
    0.06601452827453613,
    0.08401894569396973,
    0.03800845146179199,
    0.08601927757263184,
    0.08301854133605957,
    0.22705078125,
    0.23905348777770996,
    0.2360525131225586,
    0.23305249214172363,
    0.10802364349365234,
    0.18004083633422852,
    0.12302732467651367,
    0.23405218124389648,
    0.2070462703704834,
    0.1690378189086914
  ]
}