{
  "GreedyBBSolver":{
    "Execution_Time":[
      1.8099892139434814,
      0.3670828342437744,
      1.45432710647583,
      1.1482582092285156,
      1.0692408084869385,
      0.7131597995758057,
      0.6744282245635986,
      0.43833327293395996,
      0.16603755950927734,
      1.15325927734375,
      1.0092267990112305,
      0.25305700302124023,
      1.6973817348480225,
      0.6821534633636475,
      0.9902231693267822,
      1.1742637157440186,
      0.2820923328399658,
      0.9481840133666992,
      0.9162061214447021,
      0.45310211181640625,
      0.5771298408508301,
      0.8671953678131104,
      0.7181611061096191,
      0.37308382987976074,
      0.9502139091491699,
      1.0672399997711182,
      0.8011801242828369,
      0.31507062911987305,
      0.7541697025299072,
      0.24405503273010254
    ],
    "Objective_value":[
      38.89810336,
      45.80509579,
      43.60704923,
      40.81505904,
      40.207555570000004,
      41.30399647,
      42.82227731,
      42.135420429999996,
      44.69518592,
      35.37815184,
      42.37960848,
      40.16584635,
      43.32678761,
      47.14448675,
      36.84394922,
      42.4915545,
      40.546570779999996,
      43.25359907,
      46.01148132,
      41.37162916,
      46.08622149,
      38.54468258,
      37.03622225,
      42.98898714,
      40.696873350000004,
      43.70589839,
      47.67189278,
      41.77609596,
      42.43704787,
      36.87600551
    ]
  },
  "Problem_size":80,
  "PulpSolver":{
    "Execution_Time":[
      0.05501270294189453,
      0.1090247631072998,
      0.0890195369720459,
      0.0980226993560791,
      0.05401158332824707,
      0.08401918411254883,
      0.05201125144958496,
      0.05701303482055664,
      0.038008689880371094,
      0.09602141380310059,
      0.13202977180480957,
      0.08401894569396973,
      0.1090242862701416,
      0.08301901817321777,
      0.1290285587310791,
      0.06101417541503906,
      0.06401443481445312,
      0.06301403045654297,
      0.048010826110839844,
      0.0980222225189209,
      0.11002445220947266,
      0.11502575874328613,
      0.08801984786987305,
      0.09702181816101074,
      0.09102058410644531,
      0.10502314567565918,
      0.1290295124053955,
      0.06801509857177734,
      0.06208968162536621,
      0.03393268585205078
    ],
    "Objective_value":[
      38.89810336,
      45.80509579,
      43.60704923,
      40.81505904,
      40.207555570000004,
      41.30399647,
      42.82227731,
      42.135420429999996,
      44.69518592,
      35.37815184,
      42.37960848,
      40.16584635,
      43.32678761,
      47.14448675,
      36.84394922,
      42.4915545,
      40.546570779999996,
      43.25359907,
      46.01148132,
      41.37162916,
      46.08622149,
      38.54468258,
      37.03622225,
      42.98898714,
      40.696873350000004,
      43.70589839,
      47.67189278,
      41.77609596,
      42.43704787,
      36.87600551
    ]
  }
}