{
  "Kahan Sum":{
    "Lower":[
      0.0,
      0.0,
      -0.00014923003563695485,
      0.0,
      0.0,
      -0.00014930119922094956,
      -0.0001492656174289522,
      0.0,
      -0.00014923003563695485,
      -0.0001492656174289522,
      -0.0001492656174289522,
      -0.00014933678101294694,
      -0.00014930119922094956,
      -0.00018707250257138326,
      -0.00014923003563695485,
      -0.00018647234322575194,
      -0.00018707251029597864,
      -0.0001871170967317102,
      -0.0001871170967317102,
      -0.00018707250257138326,
      -0.00018713941118600046,
      -0.00018705020742259895,
      -0.00018711712762272645,
      -0.00020516261552815075,
      -0.0002051789198235191,
      -0.0002051137283374978,
      -0.00018705020742259895,
      -0.00020516262195099282,
      -0.00020513001978411926,
      -0.00020516261552815075,
      -0.0002051789326681824,
      -0.00020516262195099282,
      -0.00020516262195099282,
      -0.0002124604808095378,
      -0.00020516262195099282,
      -0.00021246053748918912,
      -0.0002124731479612915,
      -0.00021247314229366372,
      -0.00021244784058146454,
      -0.0002124731479612915,
      -0.00021249849501316136,
      -0.00021243515925819303,
      -0.000212447823576555,
      -0.0002124731876346835,
      -0.00021244798751960075,
      -0.00021245817052753394,
      -0.000212447823576555,
      -0.0002124604808095378,
      -0.0002124176028790101
    ],
    "Means":[
      0.0,
      0.0,
      3.333091735839844e-05,
      0.0,
      0.0,
      3.3346811930338543e-05,
      3.333886464436849e-05,
      0.0,
      3.333091735839844e-05,
      3.333886464436849e-05,
      3.333886464436849e-05,
      3.3354759216308595e-05,
      3.3346811930338543e-05,
      6.667772928873698e-05,
      3.333091735839844e-05,
      6.646315256754557e-05,
      6.667772928873698e-05,
      6.669362386067709e-05,
      6.669362386067709e-05,
      6.667772928873698e-05,
      6.670157114664713e-05,
      6.666978200276693e-05,
      6.669362386067709e-05,
      0.00010001659393310547,
      0.00010002454121907553,
      9.999275207519531e-05,
      6.666978200276693e-05,
      0.00010001659393310547,
      0.00010000069936116537,
      0.00010001659393310547,
      0.00010002454121907553,
      0.00010001659393310547,
      0.00010001659393310547,
      0.000133363405863444,
      0.00010001659393310547,
      0.000133363405863444,
      0.00013337135314941406,
      0.00013337135314941406,
      0.00013335545857747397,
      0.00013337135314941406,
      0.00013338724772135417,
      0.0001333475112915039,
      0.00013335545857747397,
      0.00013337135314941406,
      0.0001667181650797526,
      0.00016672611236572265,
      0.00013335545857747397,
      0.000133363405863444,
      0.00016669432322184244
    ],
    "Upper":[
      0.0,
      0.0,
      0.0002158918703537517,
      0.0,
      0.0,
      0.00021599482308162665,
      0.0002159433467176892,
      0.0,
      0.0002158918703537517,
      0.0002159433467176892,
      0.0002159433467176892,
      0.00021604629944556411,
      0.00021599482308162665,
      0.00032042796114885725,
      0.0002158918703537517,
      0.0003193986483608431,
      0.00032042796887345263,
      0.00032050434445306437,
      0.00032050434445306437,
      0.00032042796114885725,
      0.0003205425534792947,
      0.00032038977142813277,
      0.0003205043753440806,
      0.0004051958033943617,
      0.0004052280022616701,
      0.00040509923248788844,
      0.00032038977142813277,
      0.00040519580981720376,
      0.00040513141850645,
      0.0004051958033943617,
      0.00040522801510633344,
      0.00040519580981720376,
      0.00040519580981720376,
      0.0004791872925364258,
      0.00040519580981720376,
      0.0004791873492160771,
      0.00047921585426011963,
      0.0004792158485924918,
      0.0004791587577364125,
      0.00047921585426011963,
      0.0004792729904558697,
      0.0004791301818412008,
      0.00047915874073150297,
      0.0004792158939335116,
      0.000545884317679106,
      0.0005459103952589792,
      0.00047915874073150297,
      0.0004791872925364258,
      0.000545806249322695
    ]
  },
  "Numpy Sum":{
    "Lower":[
      0.0,
      -0.00014930119922094956,
      0.0,
      0.0,
      0.0,
      -0.0001492656174289522,
      -0.0001492656174289522,
      -0.00014930119922094956,
      0.0,
      0.0,
      0.0,
      -0.0001492656174289522,
      0.0,
      0.0,
      -0.00014930119922094956,
      -0.0001492656174289522,
      0.0,
      -0.00014933678101294694,
      -0.0001492656174289522,
      -0.0001492656174289522,
      -0.00014930119922094956,
      -0.0001492656174289522,
      -0.0001492656174289522,
      -0.0001492656174289522,
      0.0,
      0.0,
      -0.0001492656174289522,
      -0.00014923003563695485,
      0.0,
      -0.00014933678101294694,
      0.0,
      -0.00014933678101294694,
      -0.00014933678101294694,
      -0.0001492656174289522,
      0.0,
      -0.00014930119922094956,
      -0.00014923003563695485,
      -0.00014937236280494428,
      0.0,
      0.0,
      -0.00014930119922094956,
      -0.00014930119922094956,
      -0.0001492656174289522,
      -0.0001492656174289522,
      -0.0001492656174289522,
      0.0,
      -0.00014930119922094956,
      -0.0001492656174289522,
      -0.0001492656174289522
    ],
    "Means":[
      0.0,
      3.3346811930338543e-05,
      0.0,
      0.0,
      0.0,
      3.333886464436849e-05,
      3.333886464436849e-05,
      3.3346811930338543e-05,
      0.0,
      0.0,
      0.0,
      3.333886464436849e-05,
      0.0,
      0.0,
      3.3346811930338543e-05,
      3.333886464436849e-05,
      0.0,
      3.3354759216308595e-05,
      3.333886464436849e-05,
      3.333886464436849e-05,
      3.3346811930338543e-05,
      3.333886464436849e-05,
      3.333886464436849e-05,
      3.333886464436849e-05,
      0.0,
      0.0,
      3.333886464436849e-05,
      3.333091735839844e-05,
      0.0,
      3.3354759216308595e-05,
      0.0,
      3.3354759216308595e-05,
      3.3354759216308595e-05,
      3.333886464436849e-05,
      0.0,
      3.3346811930338543e-05,
      3.333091735839844e-05,
      3.336270650227865e-05,
      0.0,
      0.0,
      3.3346811930338543e-05,
      3.3346811930338543e-05,
      3.333886464436849e-05,
      3.333886464436849e-05,
      3.333886464436849e-05,
      0.0,
      3.3346811930338543e-05,
      3.333886464436849e-05,
      3.333886464436849e-05
    ],
    "Upper":[
      0.0,
      0.00021599482308162665,
      0.0,
      0.0,
      0.0,
      0.0002159433467176892,
      0.0002159433467176892,
      0.00021599482308162665,
      0.0,
      0.0,
      0.0,
      0.0002159433467176892,
      0.0,
      0.0,
      0.00021599482308162665,
      0.0002159433467176892,
      0.0,
      0.00021604629944556411,
      0.0002159433467176892,
      0.0002159433467176892,
      0.00021599482308162665,
      0.0002159433467176892,
      0.0002159433467176892,
      0.0002159433467176892,
      0.0,
      0.0,
      0.0002159433467176892,
      0.0002158918703537517,
      0.0,
      0.00021604629944556411,
      0.0,
      0.00021604629944556411,
      0.00021604629944556411,
      0.0002159433467176892,
      0.0,
      0.00021599482308162665,
      0.0002158918703537517,
      0.0002160977758095016,
      0.0,
      0.0,
      0.00021599482308162665,
      0.00021599482308162665,
      0.0002159433467176892,
      0.0002159433467176892,
      0.0002159433467176892,
      0.0,
      0.00021599482308162665,
      0.0002159433467176892,
      0.0002159433467176892
    ]
  },